Model,mae,mse,dssim,gdl,spectral,wavelet,wavelet_complex,wasserstein,rx1day
mse,0.282,0.659,0.007,0.799,0.412,0.558,0.216,0.056,93.359
log_combo_mse_dssim_spectral,0.283,0.924,0.007,0.909,0.347,0.711,0.338,0.057,137.150
log_combo_mse_spectral_wavelet,0.283,0.832,0.008,0.986,0.324,0.582,0.265,0.056,148.817
log_combo_mse_wavelet_gdl,0.264,0.774,0.007,0.804,0.410,0.635,0.281,0.069,114.165
log_combo_mse_gdl_spectral,0.287,0.942,0.008,0.899,0.348,0.703,0.350,0.063,124.622
log_combo_mse_dssim_wavelet,0.262,0.759,0.007,0.799,0.406,0.643,0.273,0.064,120.728
log_combo_mse_dssim_gdl,0.279,0.984,0.007,0.820,0.447,0.758,0.373,0.070,114.689
log_combo_mse_nllbg_wavelet,0.266,0.766,0.007,0.889,0.339,0.647,0.276,0.042,237.117
log_combo_fmse_spectral_wavelet,0.298,0.903,0.008,1.100,0.323,0.598,0.267,0.053,152.521
